semaine,periode,priorite,domaine,url_forum,score,activite,inscription,message
Semaine 1,20/04/2026 - 26/04/2026,B,fortdissy.info,https://fortdissy.info/forum/viewtopic.php?t=11171,12,active,Fermee,
Semaine 1,20/04/2026 - 26/04/2026,B,lesptitesrenault.fr,https://www.bible.lesptitesrenault.fr/viewtopic.php?f=41&t=3542,12,active,Fermee,
Semaine 1,20/04/2026 - 26/04/2026,B,forum-hifi.fr,https://forum-hifi.fr/showthread.php?mode=linear&tid=16610&pid=490676,7,active,Fermee,
Semaine 1,20/04/2026 - 26/04/2026,B,forumcampingcar.fr,https://www.forumcampingcar.fr/viewtopic.php?t=974,13,active,Fermee,
Semaine 2,27/04/2026 - 03/05/2026,B,varadero125.fr,https://www.varadero125.fr/forums/viewtopic.php?t=29913,13,active,Fermee,
Semaine 2,27/04/2026 - 03/05/2026,B,amoureux203-403.com,https://www.amoureux203-403.com/forum/viewtopic.php?t=1351,13,active,Fermee,"C'est le grand classique des moteurs avec un bloc de remplacement ! Du coup, quand il n'y a plus la plaque ni les numéros d'origine, est-ce que le seul moyen d'être sûr à 100% de la cylindrée c'est de déculasser pour mesurer l'alésage ?"
Semaine 2,27/04/2026 - 03/05/2026,B,club-mercedes-passion.com,https://www.club-mercedes-passion.com/forum/viewtopic.php?f=1&t=22237,12,active,Fermee,
Semaine 2,27/04/2026 - 03/05/2026,B,forum-ulm-ela-lsa.net,https://forum-ulm-ela-lsa.net/viewtopic.php?t=9118,13,active,Fermee,
Semaine 3,04/05/2026 - 10/05/2026,B,504.org,http://www.504.org/forum/viewtopic.php?f=3&t=23,12,active,Fermee,
Semaine 3,04/05/2026 - 10/05/2026,B,gs500.pl,https://forum.gs500.pl/printview.php?t=1670&start=0,7,active,Fermee,
Semaine 3,04/05/2026 - 10/05/2026,B,vstrom.fr,https://vstrom.fr/viewtopic.php?p=8800,14,active,Fermee,"6000 tr/min à 110 GPS en 6ème ça me paraît haut quand même, t'es sûr que c'est pas plutôt aux alentours de 5000-5500 ? Après sur les V-Strom c'est des moteurs qui aiment bien tourner donc c'est pas dramatique, mais si t'es vraiment à 6000 en croisière faudrait peut-être vérifier le rapport de transmission ou le diamètre des pneus."
Semaine 3,04/05/2026 - 10/05/2026,B,rc-vintage.com,https://rc-vintage.com/viewtopic.php?t=7822,13,active,Fermee,
Semaine 4,11/05/2026 - 17/05/2026,B,stargate-fusion.com,https://www.stargate-fusion.com/forum-stargate/viewtopic.php?t=21839&start=20,14,active,Fermee,"Le stress du permis c'est vraiment le pire ennemi, j'ai raté la première fois juste à cause de ça alors que techniquement j'étais prêt. Le deuxième passage j'ai juste conduit comme si l'inspecteur était un pote et ça a changé toute la donne."
Semaine 4,11/05/2026 - 17/05/2026,B,les-motocyclistes.com,https://www.les-motocyclistes.com/viewtopic.php?t=2927,13,active,Fermee,
Semaine 4,11/05/2026 - 17/05/2026,B,900-xj.com,https://www.900-xj.com/forum/viewtopic.php?f=19&t=21167,13,active,Fermee,Petite question mécanique pour les habitués de la 900 XJ : vous préconisez quoi comme huile pour une utilisation un peu mixte (ville/route) avec un moteur qui a déjà pas mal de bornes ? Je lis un peu de tout entre de la 10W40 semi-synthèse ou de la 15W50...
Semaine 4,11/05/2026 - 17/05/2026,B,automower-fans.com,https://automower-fans.com/viewtopic.php?t=22327,13,active,Fermee,
Semaine 5,18/05/2026 - 24/05/2026,B,developpez.net,https://www.developpez.net/forums/showthread.php?p=3239983,8,active,Fermee,
Semaine 5,18/05/2026 - 24/05/2026,B,warmania.com,https://warmania.com/forum/showthread.php?tid=3706,7,active,Fermee,
Semaine 5,18/05/2026 - 24/05/2026,B,vtwinsportclub.com,https://www.vtwinsportclub.com/pifpaf/viewtopic.php?t=4053,13,active,Fermee,
Semaine 5,18/05/2026 - 24/05/2026,B,techniarabia.com,https://www.techniarabia.com/viewtopic.php?t=8207,14,active,Fermee,"Auto Data 3.45 c'est devenu assez difficile à trouver en version française complète, la plupart des liens qui trainent sont des versions incomplètes ou buggées. Tu as regardé du côté de Vivid Workshop ou AllData comme alternative ? C'est pas exactement le même format mais ça couvre bien les données techniques."
Semaine 6,25/05/2026 - 31/05/2026,B,myspeedster.ch,https://www.myspeedster.ch/forums/viewtopic.php?t=24876,13,active,Fermee,
Semaine 6,25/05/2026 - 31/05/2026,B,vivelesrondes.com,https://vivelesrondes.com/forum/viewtopic.php?t=47397,14,active,Fermee,"Franchement pour de petites sommes entre proches, je préfère donner que prêter quand je peux me le permettre. Ça évite les tensions et les comptes d'apothicaire, et si la personne veut rendre c'est du bonus. Par contre au-delà de 500€ je ferais un petit écrit quand même, histoire que ce soit clair pour tout le monde."
Semaine 6,25/05/2026 - 31/05/2026,B,forumeribatouring.com,https://forumeribatouring.com/viewtopic.php?t=8657,14,active,Fermee,"Merci pour les liens, c'est vrai que c'est pas clair du tout cette histoire de B96 vs BE. Perso j'ai appelé ma préfecture directement pour être sûr, et même eux ont hésité avant de me répondre. Le plus fiable reste de peser l'ensemble à vide et de comparer avec les PTAC sur les cartes grises."
Semaine 6,25/05/2026 - 31/05/2026,B,diagrepaauto.fr,https://diagrepaauto.fr/viewforum.php?f=198,14,active,Fermee,"Est-ce que quelqu'un aurait une astuce fiable pour lire les codes défaut sur une Clio 3 sans passer par la valise Renault ? J'ai un ELM327 Bluetooth mais l'appli Torque me sort que des trucs génériques, rien de spécifique constructeur."
Semaine 7,01/06/2026 - 07/06/2026,B,betamotor.fr,http://www.betamotor.fr/forum/viewtopic.php?t=3458,13,active,Fermee,
Semaine 7,01/06/2026 - 07/06/2026,B,ma-bmw.com,https://www.ma-bmw.com/forum/viewtopic.php?t=74141,6,active,Fermee,
Semaine 7,01/06/2026 - 07/06/2026,B,volvo-480.org,https://www.volvo-480.org/forum/viewtopic.php?t=45782,13,active,Fermee,
Semaine 7,01/06/2026 - 07/06/2026,B,forumdubateau.com,https://forumdubateau.com/viewtopic.php?t=4417,13,active,Fermee,
Semaine 8,08/06/2026 - 14/06/2026,B,golfiv.fr,https://www.golfiv.fr/viewtopic.php?f=82&t=111079&start&view=print,8,active,Fermee,
Semaine 8,08/06/2026 - 14/06/2026,B,flipjuke.fr,https://flipjuke.fr/viewtopic.php?t=153354,12,active,Fermee,
Semaine 8,08/06/2026 - 14/06/2026,B,nxpower.fr,https://www.nxpower.fr/forum/mecanique-divers/topic7847.html,8,active,Fermee,
Semaine 8,08/06/2026 - 14/06/2026,B,passion-scirocco.fr,http://www.passion-scirocco.fr/phpBB3/viewtopic.php?t=6683,13,active,Fermee,
Semaine 9,15/06/2026 - 21/06/2026,B,goldwingpartage.com,https://www.goldwingpartage.com/t1910-clef-de-contact-perdue,13,active,Fermee,
Semaine 9,15/06/2026 - 21/06/2026,B,yam2stroke.fr,http://www.yam2stroke.fr/index.php,12,active,Fermee,
Semaine 9,15/06/2026 - 21/06/2026,B,binano.fr,https://www.binano.fr/viewtopic.php?t=41515,15,active,Fermee,"Pour le coup du pot, c'est surtout une histoire de contre-pression : un pot d'origine est conçu pour freiner un peu les gaz et ça aide le couple à bas régime, mais ça bride en haut. Un pot plus libre laisse mieux sortir les gaz brûlés, donc le cylindre se remplit mieux au cycle suivant et tu gagnes quelques chevaux en haut."
Semaine 9,15/06/2026 - 21/06/2026,B,jaguar-mk2.fr,http://mail.jaguar-mk2.fr/viewtopic.php?p=126317&sid=c29646c8c67da23a975a60d323284726,9,active,Fermee,
Semaine 10,22/06/2026 - 28/06/2026,B,forum-ecigarette.com,https://www.forum-ecigarette.com/viewtopic.php?t=148351&start=83810,13,active,Fermee,
Semaine 10,22/06/2026 - 28/06/2026,B,fazermen.com,https://fazermen.com/forum/viewtopic.php?p=475945,13,active,Fermee,
Semaine 10,22/06/2026 - 28/06/2026,B,ls3-5a-forum.com,https://www.ls3-5a-forum.com/viewtopic.php?p=89315,13,active,Fermee,
Semaine 10,22/06/2026 - 28/06/2026,B,touranpassion.com,https://www.touranpassion.com/forum/viewtopic.php?t=4001,13,active,Fermee,
Semaine 11,29/06/2026 - 05/07/2026,B,airhuile.com,https://www.airhuile.com/viewtopic.php?t=31609&start=15,13,active,Fermee,"Du coup, tu as pu savoir d'où venait la panne au final chez le mécano ? Parce que par expérience, des pannes qui ressemblent à une bêtise finissent parfois par coûter un bras une fois chez le pro si le diagnostic de base est pas bon."
Semaine 11,29/06/2026 - 05/07/2026,B,club911.net,https://club911.net/viewtopic.php?t=131904,7,active,Fermee,
Semaine 11,29/06/2026 - 05/07/2026,B,qashqai-passion.fr,https://www.qashqai-passion.fr/viewtopic.php?t=803,13,active,Fermee,
Semaine 11,29/06/2026 - 05/07/2026,B,ventilxp.com,http://archives.ventilxp.com/v2.5/viewtopic.php?t=39,13,active,Fermee,
Semaine 12,06/07/2026 - 12/07/2026,B,univers-volvo.fr,http://univers-volvo.fr/showthread.php?tid=6868,7,active,Fermee,
Semaine 12,06/07/2026 - 12/07/2026,B,clubalpin-idf.com,https://www.clubalpin-idf.com/forum/viewtopic.php?t=2013,13,active,Fermee,
Semaine 12,06/07/2026 - 12/07/2026,B,polo-land.fr,https://www.polo-land.fr/forum/viewforum.php?f=3,13,active,Fermee,
Semaine 12,06/07/2026 - 12/07/2026,B,350rdlc.fr,https://www.350rdlc.fr/viewtopic.php?t=1732,13,active,Fermee,"Superbe machine, c'est clair que dans ces projets-là il y a toujours des hauts et des bas avec la mécanique ! L'essentiel c'est rouler et kiffer avec après toutes ces heures passées. Vraiment une belle prépa en tout cas, bravo pour le boulot."
Semaine 13,13/07/2026 - 19/07/2026,B,r4-4l.com,https://r4-4l.com/forum/viewtopic.php?id=21489,7,active,Fermee,
Semaine 13,13/07/2026 - 19/07/2026,B,lestrixeux.fr,https://www.lestrixeux.fr/viewtopic.php?t=7828&start=25,13,active,Fermee,
Semaine 13,13/07/2026 - 19/07/2026,B,truckstopquebec.com,https://www.truckstopquebec.com/forum/,12,active,Fermee,
Semaine 13,13/07/2026 - 19/07/2026,B,forumcbr125.com,https://forumcbr125.com/viewtopic.php?t=4555,14,active,Fermee,"Super utile le tuto pour le code en candidat libre, merci pour le détail. Pour ceux qui hésitent, j'avais aussi fait comme ça via La Poste et franchement la différence de prix est énorme comparé à une auto-école classique. Le seul truc c'est qu'il faut être bien organisé sur les révisions en solo."
Semaine 14,20/07/2026 - 26/07/2026,B,le-forum-du-pajero.fr,http://www.le-forum-du-pajero.fr/viewtopic.php?f=16&t=29404,13,active,Fermee,
Semaine 14,20/07/2026 - 26/07/2026,B,royalenfieldlesite.fr,http://www.royalenfieldlesite.fr/forum/viewtopic.php?t=7358,13,active,Fermee,
Semaine 14,20/07/2026 - 26/07/2026,B,brassageamateur.com,https://www.brassageamateur.com/forum/viewtopic.php?t=23015,14,active,Fermee,"Pour la vente sur place, le plus important c'est de bien te rapprocher de ta préfecture en amont parce que d'un département à l'autre les interprétations varient pas mal. Certains te demandent la licence III, d'autres considèrent que la petite licence à emporter suffit tant que tu dépasses pas un certain seuil de débit."
Semaine 14,20/07/2026 - 26/07/2026,B,alpinerenault.com,https://forum.alpinerenault.com/viewtopic.php?t=5211,13,active,Fermee,"Comme Momo57, je te dirais de te méfier des procédures qui s'éternisent, c'est souvent beaucoup d'énergie pour pas grand chose. Pour le 140 km/h max, tu as vérifié ta pression de suralimentation et le circuit d'essence ? Parfois c'est juste un souci de durite poreuse ou une wastegate grippée sur une voiture qui a pas roulé depuis longtemps."
Semaine 15,27/07/2026 - 02/08/2026,B,oliomobile.org,http://www.oliomobile.org/viewtopic.php?t=14102,13,active,Fermee,
Semaine 15,27/07/2026 - 02/08/2026,B,forum-cayenne.com,https://www.forum-cayenne.com/forum/post553260.html,7,active,Fermee,
Semaine 15,27/07/2026 - 02/08/2026,B,affinity-forum.fr,https://www.affinity-forum.fr/showthread.php?mode=linear&tid=4398&pid=34117,8,active,Fermee,
Semaine 15,27/07/2026 - 02/08/2026,B,escapades-nature-camping-car.fr,https://www.escapades-nature-camping-car.fr/forum/viewtopic.php?t=3854,13,active,Fermee,
Semaine 16,03/08/2026 - 09/08/2026,B,andlil.com,https://www.andlil.com/forum/viewtopic.php?f=31&t=74550&start=0,14,active,Fermee,"Pour la résiliation, le plus simple maintenant c'est la loi Hamon si t'as plus d'un an de contrat, tu peux résilier à tout moment sans justification. Un simple courrier recommandé avec AR suffit, et c'est le nouvel assureur qui s'occupe des démarches si tu en as un en remplacement."
Semaine 16,03/08/2026 - 09/08/2026,B,normandnadon.com,https://normandnadon.com/forum/showthread.php?tid=375,8,active,Fermee,
Semaine 16,03/08/2026 - 09/08/2026,B,bulle-immobiliere.org,http://www.bulle-immobiliere.org/forum/viewtopic.php?t=39972,13,active,Fermee,
Semaine 16,03/08/2026 - 09/08/2026,B,alfa147-france.net,http://www.alfa147-france.net/forum/viewtopic.php?p=227566,8,active,Fermee,
Semaine 17,10/08/2026 - 16/08/2026,B,japancar.fr,https://www.japancar.fr/forum/Sujet-Culture-Bouquin-apprentissage-mecanique-auto-moto,8,active,Fermee,
Semaine 17,10/08/2026 - 16/08/2026,B,lineoz.net,https://www.lineoz.net/forum/viewforum.php?f=30,13,active,Fermee,
Semaine 17,10/08/2026 - 16/08/2026,B,forum-levoyageur.fr,https://forum-levoyageur.fr/viewtopic.php?t=5820,14,active,Fermee,"Ça serait quand même une vraie avancée si ça passait à 4,25T, parce qu'aujourd'hui un camping-car un peu bien équipé on est vite à 3,8T en charge réelle. La question c'est surtout de savoir si ça s'appliquerait aux permis B déjà en circulation ou s'il faudrait une formation complémentaire."
Semaine 17,10/08/2026 - 16/08/2026,B,vehiculeselectriques.fr,http://vehiculeselectriques.fr/viewtopic.php?t=3599,13,active,Fermee,
Semaine 18,17/08/2026 - 23/08/2026,B,moebius-france.org,http://moebius-france.org/forum/viewtopic.php?f=10&t=92&view=next,12,active,Non verifiee,
Semaine 18,17/08/2026 - 23/08/2026,B,500rgas.info,https://500rgas.info/forum/viewtopic.php?t=145,16,active,Fermee,Est-ce que quelqu'un aurait des conseils pour retrouver les références d'un carburateur d'origine sur une Terrot des années 50 ? J'en ai récupéré une dans un état correct mais il manque pas mal de pièces côté admission et j'arrive pas à identifier le modèle exact du carbu.
Semaine 18,17/08/2026 - 23/08/2026,B,purassanta.net,http://purassanta.net/forum/viewtopic.php?p=197283&sid=2dd13479964e0dce661a4ff83e28c041,11,active,Fermee,
Semaine 18,17/08/2026 - 23/08/2026,B,paraglidingforum.com,https://www.paraglidingforum.com/viewtopic.php?t=106267,12,active,Fermee,
Semaine 19,24/08/2026 - 30/08/2026,B,landcruiserteam.com,http://www.landcruiserteam.com/index.php,13,active,Fermee,
Semaine 19,24/08/2026 - 30/08/2026,B,forum-depression.com,https://www.forum-depression.com/viewtopic.php?t=24282,13,active,Fermee,
Semaine 19,24/08/2026 - 30/08/2026,B,rx8france.com,https://www.rx8france.com/forum/viewtopic.php?t=8855,13,active,Fermee,
Semaine 19,24/08/2026 - 30/08/2026,B,american4x4.fr,https://american4x4.fr/viewtopic.php?t=7760,13,active,Fermee,"Est-ce qu'il y en a parmi vous qui ont installé des suspensions rehaussées sur leur 4x4 récemment ? Je regarde les kits dispo pour faire un peu de franchissement soft, mais j'ai peur de perdre trop en confort sur les trajets sur route ouverte."
Semaine 20,31/08/2026 - 06/09/2026,B,engin-rc.fr,https://engin-rc.fr/viewforum.php?f=14,13,active,Fermee,
Semaine 20,31/08/2026 - 06/09/2026,B,streetmonsters.net,https://streetmonsters.net/forum/viewtopic.php?f=14&t=16856,12,active,Fermee,
Semaine 20,31/08/2026 - 06/09/2026,B,adulte-surdoue.fr,https://adulte-surdoue.fr/viewtopic.php?t=11795,13,active,Fermee,"Si ça devient votre véhicule principal pour des trajets au quotidien, c'est vrai qu'il faut bien étudier l'autonomie réelle l'hiver avec le chauffage. Attention aussi avec la Zoé d'occasion, il faut bien vérifier si la batterie est en location ou achetée intégralement, ça change tout le budget mensuel !"
Semaine 20,31/08/2026 - 06/09/2026,B,39-45.org,https://www.39-45.org/viewtopic.php?f=26&t=58066,13,active,Fermee,"C'est fou la précision des détails pour l'identification, la pompe à vélo et le réservoir chromé fallait les repérer ! Vous savez si ce type de finition était courant pour l'époque ou si c'est plus une version spécifique qu'il a récupérée ?"
Semaine 21,07/09/2026 - 13/09/2026,B,detecteur-de-metaux.ch,https://detecteur-de-metaux.ch/pierre-u712.html,11,active,Fermee,
Semaine 21,07/09/2026 - 13/09/2026,B,pattayathailande.com,https://pattayathailande.com/forum/viewtopic.php?t=9088&start=10,13,active,Fermee,
Semaine 21,07/09/2026 - 13/09/2026,B,ducati-multifadas.com,https://www.ducati-multifadas.com/phpbb/viewtopic.php?t=3162,13,active,Fermee,
Semaine 21,07/09/2026 - 13/09/2026,B,vaenl1.com,https://vaenl1.com/viewtopic.php?t=22450,13,active,Fermee,
Semaine 22,14/09/2026 - 20/09/2026,B,volta-electricite.info,https://www.volta-electricite.info/forums-volta-electricite/viewtopic.php?t=13745,6,active,Fermee,
Semaine 22,14/09/2026 - 20/09/2026,B,village-justice.com,https://www.village-justice.com/forum/viewtopic.php?t=8467,6,active,Non verifiee,
Semaine 22,14/09/2026 - 20/09/2026,B,knx-fr.com,https://www.knx-fr.com/showthread.php?tid=856,8,active,Fermee,
Semaine 22,14/09/2026 - 20/09/2026,B,forum-ftm.fr,https://forum-ftm.fr/viewtopic.php?f=17&t=4109,13,active,Fermee,
Semaine 23,21/09/2026 - 27/09/2026,B,magarderie.com,http://www.magarderie.com/forum/showthread.php?t=27356,6,active,Fermee,
Semaine 23,21/09/2026 - 27/09/2026,B,gt3passion.com,http://www.gt3passion.com/viewforum.php?f=47,13,active,Fermee,
Semaine 23,21/09/2026 - 27/09/2026,B,mrs-passion.fr,https://www.mrs-passion.fr/forum/viewtopic.php?t=14442,13,active,Fermee,
Semaine 23,21/09/2026 - 27/09/2026,B,circusnet.info,https://circusnet.info/annonces/viewtopic.php?f=8&t=1864,13,active,Fermee,
Semaine 24,28/09/2026 - 04/10/2026,B,306cabriolet.fr,https://306cabriolet.fr/forum/profile.php?mode=viewprofile&u=2988&sid=65280ba3af2a14b3ad8ab85e6623ea11,10,active,Fermee,
Semaine 24,28/09/2026 - 04/10/2026,B,lmame-bug.com,http://www.lmame-bug.com/forum/viewtopic.php?p=38419&sid=162540cc3b12313642fb9ec774013cd7,11,active,Fermee,
Semaine 24,28/09/2026 - 04/10/2026,B,tech-masters.fr,https://tech-masters.fr/showthread.php?tid=5&page=46,9,active,Fermee,
Semaine 24,28/09/2026 - 04/10/2026,B,journal-du-quad.info,http://www.journal-du-quad.info/forum-quad-hytrack-linhai/consommation-huile-t22592.html,13,active,Fermee,
Semaine 25,05/10/2026 - 11/10/2026,B,forum-gpmoto.com,https://www.forum-gpmoto.com/forum2025/showthread.php?p=81623,5,dead,Non verifiee,
Semaine 25,05/10/2026 - 11/10/2026,B,depannetonpc.net,http://www.depannetonpc.net/forum/post79494.html,6,active,Fermee,
Semaine 25,05/10/2026 - 11/10/2026,B,plumedeau.com,https://www.plumedeau.com/index.php?topic=88.495,6,active,Fermee,
Semaine 25,05/10/2026 - 11/10/2026,B,forumcabasse.org,https://www.forumcabasse.org/forum/viewtopic.php?t=8610,13,active,Non verifiee,
Semaine 26,12/10/2026 - 18/10/2026,B,autohacking.net,https://autohacking.net/viewtopic.php?t=8536,14,active,Non verifiee,"The Outcode-Incode method still works fine on older Fords, but has anyone managed to get it running on Windows 10/11 without compatibility issues? I had to set up a virtual XP machine just to make it work properly, wondering if there's a simpler workaround."
Semaine 26,12/10/2026 - 18/10/2026,B,forum-pompier.com,https://www.forum-pompier.com/forum2.html,6,active,Fermee,
Semaine 26,12/10/2026 - 18/10/2026,B,mct57.org,https://www.mct57.org/showthread.php?tid=5161,9,active,Fermee,
Semaine 26,12/10/2026 - 18/10/2026,B,forum-stylevan.fr,https://www.forum-stylevan.fr/viewtopic.php?t=2304,13,active,Fermee,
Semaine 27,19/10/2026 - 25/10/2026,B,club1007.net,https://www.club1007.net/forum/viewtopic.php?t=3924,13,active,Fermee,
Semaine 27,19/10/2026 - 25/10/2026,B,pianomajeur.net,https://www.pianomajeur.net/forum/viewtopic.php?t=20512,13,active,Fermee,
Semaine 27,19/10/2026 - 25/10/2026,B,passion-metrique.net,https://www.passion-metrique.net/forums/viewtopic.php?f=6&t=4455&start=30,13,active,Fermee,
Semaine 27,19/10/2026 - 25/10/2026,B,clio-williams.net,http://www.clio-williams.net/forum/viewtopic.php?t=34942,13,active,Fermee,
Semaine 28,26/10/2026 - 01/11/2026,B,forum-er5.fr,https://www.forum-er5.fr/viewtopic.php?t=8739,13,active,Fermee,
Semaine 28,26/10/2026 - 01/11/2026,B,campingcaraide.fr,https://www.campingcaraide.fr/viewtopic.php?t=22080,14,active,Fermee,"Tout à fait d'accord avec le message au-dessus, faut vraiment pas sous-estimer le budget chauffage et carburant si tu comptes vivre à l'année dedans. Une bouteille de propane tous les 4 jours en hiver ça chiffre vite. Prends bien le temps de calculer tes charges fixes avant de te lancer, parce que la réalité du van life c'est quand même loin de ce qu'on voit sur YouTube."
Semaine 28,26/10/2026 - 01/11/2026,B,forum-bmw.fr,https://www.forum-bmw.fr/viewtopic.php?t=99330,13,active,Fermee,
Semaine 28,26/10/2026 - 01/11/2026,B,maseratitude.com,https://maseratitude.com/viewtopic.php?t=886,13,active,Fermee,
Semaine 29,02/11/2026 - 08/11/2026,B,pegaso.fr,http://www.pegaso.fr/viewtopic.php?t=306&start=10,10,active,Fermee,
Semaine 29,02/11/2026 - 08/11/2026,B,motoguzziclub.fr,https://forum.motoguzziclub.fr/viewtopic.php?f=33&t=3683,12,active,Fermee,
Semaine 29,02/11/2026 - 08/11/2026,B,transalpage.com,https://www.transalpage.com/forum/viewtopic.php?t=1743,13,active,Fermee,
Semaine 29,02/11/2026 - 08/11/2026,B,r2087.com,http://www.r2087.com/forum/viewtopic.php?f=3&t=19,13,active,Fermee,
Semaine 30,09/11/2026 - 15/11/2026,B,surfrepotes.fr,https://surfrepotes.fr/forum/annonces-surf/,7,active,Fermee,
Semaine 30,09/11/2026 - 15/11/2026,B,thesamba.com,https://www.thesamba.com/vw/forum/viewtopic.php?t=769110,7,active,Fermee,
Semaine 30,09/11/2026 - 15/11/2026,B,team106rallye.fr,https://www.team106rallye.fr/forum/viewtopic.php?t=13805,13,active,Fermee,
Semaine 30,09/11/2026 - 15/11/2026,B,cbf600.fr,http://cbf600.fr/viewtopic.php?t=15282,14,active,Fermee,"Pour les petits travaux d'entretien type plaque et antivol, un accessoiriste genre Dafy ou Cardy te fait ça vite fait pour pas trop cher. Par contre pour les révisions plus poussées, si t'es pas du coin de Lyon je te conseille quand même de trouver un bon mécano indépendant qui connaît les Honda, c'est souvent moins cher que le concess et t'apprends des trucs au passage."
Semaine 31,16/11/2026 - 22/11/2026,B,sunsetbld.com,https://www.sunsetbld.com/forum/viewtopic.php?t=1020,12,active,Fermee,
Semaine 31,16/11/2026 - 22/11/2026,B,hondacx.com,http://www.hondacx.com/viewtopic.php?t=13876,14,active,Fermee,"Blague à part, pour ceux qui cherchent vraiment à faire baisser la note, vous avez déjà essayé de passer par un courtier spécialisé moto ancienne ? Sur les CX et les vieilles japonaises c'est souvent là qu'on trouve les meilleurs tarifs, surtout si la bécane dort au garage."
Semaine 31,16/11/2026 - 22/11/2026,B,forumquad.com,https://www.forumquad.com/viewtopic.php?t=64983,13,active,Fermee,
Semaine 31,16/11/2026 - 22/11/2026,B,tgb-forever.fr,http://www.tgb-forever.fr/quad-evasion-f68.html,8,active,Fermee,
Semaine 32,23/11/2026 - 29/11/2026,B,gladius.fr,https://www.gladius.fr/viewtopic.php?t=3675&start=15,15,active,Fermee,Quelqu'un a déjà eu un souci de ralenti instable sur sa Gladius après un hiver au garage ? La mienne tourne à 800 tr/min au lieu des 1300 habituels et j'hésite entre un nettoyage des injecteurs et un simple réglage du boîtier papillon.
Semaine 32,23/11/2026 - 29/11/2026,B,trafic-amenage.com,http://www.trafic-amenage.com/forum/viewtopic.php?t=47492&start=165,14,active,Fermee,"Pour le CT, tant que c'est de l'aménagement intérieur amovible t'as normalement pas de souci. Le contrôleur regarde surtout la carte grise et si la carrosserie a été modifiée. Évite juste les trous dans le toit type lanterneau si t'es en CTTE, c'est souvent ça qui pose question."
Semaine 32,23/11/2026 - 29/11/2026,B,ducati-mania.com,https://www.ducati-mania.com/viewtopic.php?t=6005,13,active,Non verifiee,
Semaine 32,23/11/2026 - 29/11/2026,B,motobec.fr,http://motobec.fr/forum/viewtopic.php?t=1887,13,active,Fermee,
Semaine 33,30/11/2026 - 06/12/2026,B,forum-gmt.fr,https://forum-gmt.fr/viewtopic.php?id=16313,7,active,Fermee,
Semaine 33,30/11/2026 - 06/12/2026,B,jeuweb.org,https://jeuweb.org/showthread.php?tid=5534,8,active,Fermee,
Semaine 33,30/11/2026 - 06/12/2026,B,lacaravane.com,http://lacaravane.com/forum/viewtopic.php?f=51&t=17271,13,active,Fermee,
Semaine 33,30/11/2026 - 06/12/2026,B,forumcamaro.fr,https://forumcamaro.fr/viewtopic.php?t=774,13,active,Fermee,
Semaine 34,07/12/2026 - 13/12/2026,B,franquin.org,https://www.franquin.org/forum/viewtopic.php?f=15&t=1051,12,active,Fermee,
Semaine 34,07/12/2026 - 13/12/2026,B,forum-train.com,https://www.forum-train.com/forum/viewforum.php?f=43,13,active,Fermee,
Semaine 34,07/12/2026 - 13/12/2026,B,audiokeys.net,http://www.audiokeys.net/forum/showthread.php/37333-Tabletop-studio-modulable-gratuit-en-version-de-base,5,dead,Non verifiee,
Semaine 34,07/12/2026 - 13/12/2026,B,forumguzzi.fr,https://forumguzzi.fr/viewtopic.php?t=9085,13,active,Fermee,
Semaine 35,14/12/2026 - 20/12/2026,B,forum-morgan.fr,https://www.forum-morgan.fr/viewtopic.php?t=3629,13,active,Fermee,
Semaine 35,14/12/2026 - 20/12/2026,B,sco1919.com,https://forum.sco1919.com/forum/viewtopic.php?t=6325,13,active,Fermee,
Semaine 35,14/12/2026 - 20/12/2026,B,300cpassion.com,https://www.300cpassion.com/viewforum.php?f=46,13,active,Fermee,"Salut ! Quelqu'un ici a déjà eu des bruits de claquement au niveau du train avant sur sa 300C au passage de dos d'ânes ? J'entends souvent parler des silentblocs de tirant de chasse qui faiblissent, mais je me demande si ça pourrait pas venir des rotules aussi."
Semaine 35,14/12/2026 - 20/12/2026,B,forumferguson.eu,http://www.forumferguson.eu/viewtopic.php?f=3&t=8560,13,active,Fermee,
Semaine 36,21/12/2026 - 27/12/2026,B,tresbonplan.fr,https://www.tresbonplan.fr/,6,active,Non verifiee,
Semaine 36,21/12/2026 - 27/12/2026,B,enceinte.com,https://www.enceinte.com/forum/post5259359.html,8,active,Fermee,
Semaine 36,21/12/2026 - 27/12/2026,B,clubcoupe406.net,https://clubcoupe406.net/EuroForums/viewtopic.php?t=4636,13,active,Fermee,
Semaine 36,21/12/2026 - 27/12/2026,B,golf1cabriolet.com,https://www.golf1cabriolet.com/forum/viewtopic.php?t=36608,6,active,Fermee,
Semaine 37,28/12/2026 - 03/01/2027,B,rallye-game.fr,https://rallye-game.fr/forum/viewtopic.php?t=6534,16,active,Non verifiee,Petite question pour ceux qui roulent en terre : vous gérez comment le réglage de suspension entre une spéciale rapide et une autre plus cassante ? J'ai tendance à raidir l'arrière mais du coup je perds en motricité dans les portions défoncées.
Semaine 37,28/12/2026 - 03/01/2027,B,forum4x4.org,https://www.forum4x4.org/viewtopic.php?t=3555,13,active,Fermee,
Semaine 37,28/12/2026 - 03/01/2027,B,globe-punters.fr,https://globe-punters.fr/forum/showthread.php?tid=60&pid=9474,8,active,Fermee,
Semaine 37,28/12/2026 - 03/01/2027,B,estrem-dounill.org,http://www.estrem-dounill.org/forum/viewtopic.php?f=10&t=514&start=0&sid=1acc2a89707e98bbc6a35c10639930e5&view=print,12,active,Fermee,
Semaine 38,04/01/2027 - 10/01/2027,B,windsurfing44.com,https://www.windsurfing44.com/forum/viewtopic.php?t=7740,13,active,Non verifiee,
Semaine 38,04/01/2027 - 10/01/2027,B,ctb-assurances.com,http://www.ctb-assurances.com/forum/index.php,11,active,Fermee,
Semaine 38,04/01/2027 - 10/01/2027,B,saxo-vts.com,http://www.saxo-vts.com/forum/viewtopic.php?t=25023,13,active,Fermee,
Semaine 38,04/01/2027 - 10/01/2027,B,mx5france.com,https://www.mx5france.com/forum/viewtopic.php?t=42394,13,active,Fermee,
Semaine 39,11/01/2027 - 17/01/2027,B,macbook-fr.com,http://www.macbook-fr.com/forum/viewtopic.php?t=16333&postdays=0&postorder=asc&start=20&sid=716808fa26dcf911a3bdcad4bfecf117,10,active,Fermee,
Semaine 39,11/01/2027 - 17/01/2027,B,microclick-quebec.ca,https://microclick-quebec.ca/forum/showthread.php?p=81590,5,dead,Non verifiee,
Semaine 39,11/01/2027 - 17/01/2027,B,2temps.fr,https://forum.2temps.fr/viewtopic.php?t=21714,13,active,Fermee,"Pour le jeune de 18 ans de ton pote, c'est vrai que le A2 c'est souvent la douche froide niveau tarifs pour commencer. Le mieux c'est aussi de regarder s'il peut s'assurer sur le contrat des parents en conducteur secondaire au début, ça permet souvent de faire baisser la facture la première année."
Semaine 39,11/01/2027 - 17/01/2027,B,moto-gt.fr,https://moto-gt.fr/forum/viewtopic.php?t=6216,13,active,Fermee,
Semaine 40,18/01/2027 - 24/01/2027,B,fourgon-plaisir.com,https://www.fourgon-plaisir.com/viewtopic.php?t=9068&start=30,12,active,Fermee,
Semaine 40,18/01/2027 - 24/01/2027,B,lestracteursrouges.com,https://lestracteursrouges.com/forum/viewtopic.php?t=816,14,active,Fermee,"Jean-Marc, je suis curieux de voir la tête du tracteur sur le dépliant maintenant ! Sinon pour ceux qui se posent la question de l'immatriculation, ça vaut le coup de garder ce genre de document, parce que d'une préfecture à l'autre les infos qu'on te donne au guichet sont pas toujours raccord avec le papier officiel."
Semaine 40,18/01/2027 - 24/01/2027,B,triumphspeedtriple.fr,https://triumphspeedtriple.fr/viewtopic.php?p=17018884,13,active,Fermee,
Semaine 40,18/01/2027 - 24/01/2027,B,dusterteam.com,https://www.dusterteam.com/viewtopic.php?f=13&t=19318&start=35&view=print,12,active,Fermee,
